rank,country_full,confederation,total_points
1.0,Argentina,CONMEBOL,1860.14
2.0,France,UEFA,1837.47
3.0,Belgium,UEFA,1797.98
4.0,Brazil,CONMEBOL,1791.85
5.0,England,UEFA,1787.88
6.0,Portugal,UEFA,1747.04
7.0,Netherlands,UEFA,1746.66
8.0,Spain,UEFA,1729.92
9.0,Croatia,UEFA,1728.3
10.0,Italy,UEFA,1724.37
11.0,USA,CONCACAF,1676.52
12.0,Colombia,CONMEBOL,1669.44
12.0,Morocco,CAF,1669.44
14.0,Uruguay,CONMEBOL,1663.44
15.0,Mexico,CONCACAF,1652.33
16.0,Germany,UEFA,1646.78
17.0,Japan,AFC,1628.81
18.0,Senegal,CAF,1623.34
19.0,Switzerland,UEFA,1617.24
20.0,IR Iran,AFC,1611.16
21.0,Denmark,UEFA,1610.76
22.0,Korea Republic,AFC,1572.87
23.0,Australia,AFC,1571.29
24.0,Ukraine,UEFA,1565.37
25.0,Austria,UEFA,1560.03
26.0,Poland,UEFA,1541.49
27.0,Hungary,UEFA,1529.0
28.0,Sweden,UEFA,1522.19
29.0,Wales,UEFA,1521.4
30.0,Ecuador,CONMEBOL,1517.54
31.0,Peru,CONMEBOL,1515.01
32.0,Serbia,UEFA,1514.76
33.0,Russia,UEFA,1506.58
34.0,Czechia,UEFA,1506.23
35.0,Qatar,AFC,1504.06
36.0,Egypt,CAF,1502.34
37.0,Côte d'Ivoire,CAF,1499.69
38.0,Nigeria,CAF,1498.93
39.0,Scotland,UEFA,1497.18
40.0,Chile,CONMEBOL,1496.13
41.0,Tunisia,CAF,1494.06
42.0,Turkey,UEFA,1493.38
43.0,Panama,CONCACAF,1482.1
44.0,Algeria,CAF,1474.13
45.0,Slovakia,UEFA,1467.77
46.0,Norway,UEFA,1466.48
47.0,Romania,UEFA,1462.35
48.0,Canada,CONCACAF,1461.74
49.0,Cameroon,CAF,1458.47
50.0,Mali,CAF,1456.74
51.0,Greece,UEFA,1455.95
52.0,Costa Rica,CONCACAF,1454.2
53.0,Jamaica,CONCACAF,1442.82
54.0,Venezuela,CONMEBOL,1442.29
55.0,Iraq,AFC,1433.07
56.0,Saudi Arabia,AFC,1431.3
57.0,Slovenia,UEFA,1429.74
58.0,Paraguay,CONMEBOL,1427.11
59.0,South Africa,CAF,1416.66
60.0,Republic of Ireland,UEFA,1403.84
61.0,Congo DR,CAF,1400.93
62.0,Uzbekistan,AFC,1397.41
63.0,Finland,UEFA,1393.4
64.0,Ghana,CAF,1381.25
65.0,Cabo Verde,CAF,1380.53
66.0,Albania,UEFA,1379.4
67.0,Burkina Faso,CAF,1375.16
68.0,Jordan,AFC,1374.13
69.0,United Arab Emirates,AFC,1368.84
70.0,Iceland,UEFA,1353.48
71.0,North Macedonia,UEFA,1348.63
72.0,Montenegro,UEFA,1345.02
73.0,Northern Ireland,UEFA,1341.33
74.0,Georgia,UEFA,1338.91
75.0,Bosnia and Herzegovina,UEFA,1332.3
76.0,Oman,AFC,1326.18
77.0,Guinea,CAF,1324.8
78.0,Honduras,CONCACAF,1313.05
79.0,Israel,UEFA,1312.54
80.0,El Salvador,CONCACAF,1303.65
81.0,Bahrain,AFC,1302.86
82.0,Bulgaria,UEFA,1295.5
83.0,Gabon,CAF,1288.45
84.0,Bolivia,CONMEBOL,1282.43
85.0,Luxembourg,UEFA,1276.73
86.0,Haiti,CONCACAF,1274.46
87.0,Curacao,CONCACAF,1272.71
88.0,China PR,AFC,1267.51
89.0,Equatorial Guinea,CAF,1260.5
90.0,Zambia,CAF,1258.4
91.0,Benin,CAF,1254.18
92.0,Angola,CAF,1248.94
93.0,Syria,AFC,1246.68
94.0,Uganda,CAF,1242.96
95.0,Palestine,AFC,1231.25
96.0,Armenia,UEFA,1230.79
97.0,Namibia,CAF,1219.83
98.0,Belarus,UEFA,1219.78
99.0,Trinidad and Tobago,CONCACAF,1219.44
100.0,Thailand,AFC,1218.56
101.0,Kyrgyz Republic,AFC,1213.58
102.0,Tajikistan,AFC,1212.41
103.0,Mozambique,CAF,1205.82
104.0,Madagascar,CAF,1203.66
105.0,Kosovo,UEFA,1203.16
106.0,Guatemala,CONCACAF,1199.21
107.0,New Zealand,OFC,1197.68
108.0,Kenya,CAF,1195.45
109.0,Kazakhstan,UEFA,1193.62
110.0,Korea DPR,AFC,1183.96
111.0,Azerbaijan,UEFA,1179.88
112.0,Mauritania,CAF,1177.5
113.0,Congo,CAF,1176.45
114.0,Tanzania,CAF,1174.99
115.0,Guinea-Bissau,CAF,1168.49
116.0,Vietnam,AFC,1168.02
117.0,Lebanon,AFC,1167.64
118.0,Libya,CAF,1165.73
119.0,Comoros,CAF,1158.71
120.0,Togo,CAF,1158.7
121.0,Sudan,CAF,1152.29
122.0,Sierra Leone,CAF,1149.4
123.0,Estonia,UEFA,1146.47
124.0,India,AFC,1139.39
125.0,Malawi,CAF,1137.83
126.0,Cyprus,UEFA,1136.78
127.0,Central African Republic,CAF,1129.3
128.0,Niger,CAF,1125.5
129.0,Zimbabwe,CAF,1122.54
130.0,Nicaragua,CONCACAF,1119.88
131.0,Rwanda,CAF,1114.15
132.0,The Gambia,CAF,1112.55
133.0,Solomon Islands,OFC,1111.02
134.0,Indonesia,AFC,1108.73
135.0,Malaysia,AFC,1107.58
136.0,Lithuania,UEFA,1100.66
137.0,Kuwait,AFC,1098.42
138.0,Latvia,UEFA,1095.98
139.0,Faroe Islands,UEFA,1093.7
140.0,Burundi,CAF,1091.24
141.0,Suriname,CONCACAF,1087.77
142.0,Liberia,CAF,1067.05
143.0,Ethiopia,CAF,1066.16
144.0,Turkmenistan,AFC,1065.42
145.0,Botswana,CAF,1064.19
146.0,St Kitts and Nevis,CONCACAF,1059.53
147.0,Philippines,AFC,1053.03
148.0,Antigua and Barbuda,CONCACAF,1052.8
149.0,Lesotho,CAF,1050.83
150.0,Dominican Republic,CONCACAF,1045.64
151.0,Afghanistan,AFC,1034.37
152.0,Moldova,UEFA,1033.75
153.0,Guyana,CONCACAF,1026.61
154.0,Eswatini,CAF,1025.18
155.0,Yemen,AFC,1021.24
156.0,Puerto Rico,CONCACAF,1020.22
157.0,Hong Kong,AFC,1011.91
158.0,New Caledonia,OFC,1008.92
159.0,Singapore,AFC,1008.26
160.0,Maldives,AFC,1003.48
161.0,Tahiti,OFC,999.48
162.0,Andorra,UEFA,996.05
163.0,Chinese Taipei,AFC,991.34
164.0,Myanmar,AFC,988.98
165.0,Papua New Guinea,OFC,985.32
166.0,Fiji,OFC,983.81
167.0,South Sudan,CAF,980.02
168.0,St Lucia,CONCACAF,979.57
169.0,Cuba,CONCACAF,975.01
170.0,Vanuatu,OFC,972.14
171.0,Bermuda,CONCACAF,971.15
172.0,Malta,UEFA,970.62
173.0,Grenada,CONCACAF,953.67
174.0,St Vincent and the Grenadines,CONCACAF,938.4
175.0,Nepal,AFC,935.93
176.0,Montserrat,CONCACAF,934.46
177.0,Barbados,CONCACAF,932.64
178.0,Chad,CAF,929.97
179.0,Mauritius,CAF,927.94
180.0,Cambodia,AFC,924.52
181.0,Samoa,OFC,920.54
182.0,Dominica,CONCACAF,912.93
183.0,Bhutan,AFC,904.1
184.0,Belize,CONCACAF,901.43
185.0,Bangladesh,AFC,896.67
186.0,Macau,AFC,896.62
187.0,Cook Islands,OFC,896.59
188.0,American Samoa,OFC,890.97
189.0,Laos,AFC,889.62
190.0,Mongolia,AFC,884.92
191.0,Brunei Darussalam,AFC,881.73
192.0,Sao Tome and Principe,CAF,878.09
193.0,Djibouti,CAF,875.13
194.0,Aruba,CONCACAF,873.9
195.0,Cayman Islands,CONCACAF,865.34
196.0,Timor-Leste,AFC,843.4
197.0,Pakistan,AFC,842.59
198.0,Gibraltar,UEFA,836.14
199.0,Liechtenstein,UEFA,835.83
200.0,Tonga,OFC,833.12
201.0,Seychelles,CAF,831.96
202.0,Somalia,CAF,829.81
203.0,Bahamas,CONCACAF,823.58
204.0,Guam,AFC,821.91
205.0,Sri Lanka,AFC,820.32
206.0,Turks and Caicos Islands,CONCACAF,817.03
207.0,British Virgin Islands,CONCACAF,801.29
208.0,US Virgin Islands,CONCACAF,797.29
209.0,Anguilla,CONCACAF,779.86
210.0,San Marino,UEFA,739.64
